ID,English,Others,Japanese
jankengirl1,薫：,Rose:,
jankengirl2,纯纱：,Junsa:,
jankengirl3,葵：,Aoi:,
jankengirl4,静香：,Shizuka:,
jankengirl5,珠子：,Juko:,
jankengirl6,桃子：,Momoko:,
jankengirl7,真理：,Mari:,
jankengirl8,陌生人：,Stranger:,
jankengirl9,鸠：,Hanako:,
playername1,你：,MR Protagonist:,
jankentitle,猜拳,Janken,
selectgirl,女孩,Girl ,
sgirlname1,姓名：薫,Name : Big Boob Anko,
sgirlname2,姓名：纯纱,Name : Slutty Elf,
sgirlname3,姓名：雅典娜,Name : Jealous Bitch,
sgirlname4,姓名：静香,Name : Horny Cop,
sgirlname5,姓名：珠子,Name : Milk Factory,
sgirlname6,姓名：桃子,Name : Cumslut,
sgirlage1,年龄：21岁,Age : 21 years,
sgirlage2,年龄：41岁,Age : 41 years,
sgirlage3,年龄：21岁,Age : 21 years,
sgirlage4,年龄：33岁,Age : 33 years,
sgirlage5,年龄：42岁,Age : 42 years,
sgirlage6,年龄：44岁,Age : 44 years,
sgirloccup1,职业：服务员,Occupation :  Waitress,
sgirloccup2,职业：教师,Occupation :  Teacher,
sgirloccup3,职业：店员、漫画家,"Occupation :  Store Clerk, Manga Artist",
sgirloccup4,职业：警察,Occupation :  Police Officer,
sgirloccup5,职业：家庭主妇,Occupation :  Housewife,
sgirloccup6,职业：厨师、送餐员,"Occupation :  Chef, Delivery Lady",
rumikogameintro1,玩得真开心！希望你之后能好好学习。好了，我得回家了。再见！,That was amusing! Did you just get a message from someone?,
rumikogameintro2,等等！你现在不能走。凉子刚发消息给我，要我和你拍一集节目。,"Huh, no! There's no- Huh, I just got a message from Ryoko. How? Did you ask her to message?",
rumikogameintro3,太一，别闹了！我知道你想和我多做几次，但我不能留下来。,"No! I just took a hunch as she was not here. By the way, she asking us to make an episode right?",
rumikogameintro4,我没开玩笑！你看！你也知道我们得听老板的命令，对吧？,"Yeah, oh I see... You were messaging her a while ago for this isn't it?",
rumikogameintro5,嗯……好吧……我就跟拓说我还在姐姐家。我们快点把它拍完吧！,No! I was messaging Takeru that I will be little late tonight. Now we shouldn't keep her waiting...,
rumikogamewon,太一，你刚才是故意装傻的吧？好了……我要回家了。,You 'dung' head! How could you lost even after I gave you a 'copulating' hint? Bye!,
rumikogamewoncheat,就算作弊了你还输？好吧……我得回家了。再见……,"Even after cheating, you lost! I guess you don't find my butt that interesting any more. Bye!",
rumikogamelost,嘿嘿……希望没人注意到我给你放水了。好了，我们去后门出口那边做吧。,Hmm... I've messaged my husband that I will be late. Now let's get to back exit and copulate more...,
rumikogamelostcheat,我不知道你为什么要作弊，但赢了就是赢了。我们去后门出口那边吧。,A win is a win! Now make sure to ejacualate as much as you want in my butt.,
rumikovictory11,[PLAYER]我得坦白一件事。凉子根本没叫我们做任何事。那条消息是上个月的。,[PLAYER]Ryoko said you asked her to call me and make a new episode.,
rumikovictory12,@2-你！我就知道。如果凉子真的要你和我拍节目，她自己会来的。,@2-What non sense! Why would I do such thing?,
rumikovictory13,[PLAYER]你当时急着要回家嘛。我也不知道该怎么留住你。,[PLAYER]Because you want to have sex with me I guess. Well I can't complain about it because…,
rumikovictory14,[PLAYER]既然你已经跟家里说晚归了，我们不如在这里多做一会儿。[END],[PLAYER]If I don't do it with you I have to do it with Mrs. Yamada.[END],
rumikovictory21,[PLAYER]小声点行吗？真理应该下班了，其他员工会说我们的。,[PLAYER]Are you moaning loudly on purpose to get caught?,
rumikovictory22,@2-嗯……那我们别在这做了。出去找个地方吧。,@2-They the 'copulation' you are afraid of? You will not be the one getting in any trouble.,
rumikovictory23,[PLAYER]不用！只要不被听到就没事。我一秒钟都不想浪费。[END],[PLAYER]People will began to think I'm into old hags. I only do this for money.[END],
rumikovictory31,[PLAYER]该死！纯纱阿姨，你的屁股太棒了。我是说，除了韦恩太太，就属你的最让人欲罢不能。,[PLAYER]Shit! It's Mrs. Yamada. She is asking why am I not home yet.,
rumikovictory32,@2-嘘！你干嘛喊那么大声？肯定有人听到了。你想害我们被发现吗？,@2-I don't understand why you whine about her so much? It's not like she is that ugly.,
rumikovictory33,[PLAYER]抱歉！我刚才实在忍不住了……你知道我有多喜欢操你那甜美的屁股。[END],[PLAYER]Her face is not the problem. Her insatiable sexual hunger is. She makes me fuck her all night.[END],
rumikovictory41,[PLAYER]几年前你连碰都不让我碰，现在我们连孩子都有了。,[PLAYER]I can't believe I have a child with my girlfriend's mother. It's all Ryoko's fault.,
rumikovictory42,[PLAYER]谁能想到你竟然是这么会偷情的妻子。,[PLAYER]She gave me a broken condom and said I could cum insidd your without any worries.,
rumikovictory43,@2-我也不知道为什么会那样做……我只是觉得……如果是你的话，就没关系。,@2-It was me who bit a hole in it when I was putting it on your cock with my mouth.,
rumikovictory44,[PLAYER]嘿嘿……我们现在有个秘密家庭了。别担心，就算我以后结婚了，我也会永远爱我的女儿。[END],[PLAYER]Oh... so you did it so you can blackmail me for more sex right... Just like Mrs. Yamada.[END],
rumikovictory51,@7-有人在吗？不好意思！这里不能做那种事。就算你们是……也得付房费。,@7-Who the fuck is there? You cheap bastard rent our rooms and have sex there.,
rumikovictory52,@7-哦，太一！我以为你们走了。我知道你们时间到了，但既然我在，你们还可以用房间。,@7-Shit! Pardon my language. I had no idea it was our golden customers.,
rumikovictory53,[PLAYER]没关系。我们再做一次就走。谢谢你的好意。,[PLAYER]It's okay! We shouldn't have had sex here.,
rumikovictory54,@7-好的……需要什么就跟我说。对了……樱井先生在前台。,@2-No it's fine! You can have sex any where in the hotel. By the way... her husband is here.,
rumikovictory55,@2-我老公！他一定是想给我个惊喜，像上次一样。太一，我们得赶紧——,@2-What? Why is he  here? You little 'dung'! Did you call my husband to break up my marriage.,
rumikovictory56,[PLAYER]冷静！我觉得他不会找到这里来。我快结束了，再等一下。[END],@7-He is not here to for you. He brought some girl dressed like Ryoko to fuck.[END],
roseintro1,太一，你干嘛把我叫醒？我还以为你会忍不住去上葵，毕竟我把她短裤都脱了。,Masuo that’s enough. You have been fucking Aoi for too long. It’s my turn now.,
roseintro2,等等……我以为那个笨蛋在……算了……你们俩随便吧，动静小点就行。,"Hey, why the heck do you care how long he fucks me? He is my boyfriend.",
roseintro3,薫，你之前不是想让我和你姐姐还有她男朋友来个双人约会吗？,"Alright Rose, what do you want? Do you want me to take to Kana's restaurant for food?",
roseintro4,可以啊，只要你参加今天的后穴猜拳秀节目。,It must be closed right now but I promise to take you there tomorrow.,
roseintro5,真的！那太简单了。我可以直接——,Who said anything about food? I'm here  for your cock. Fuck me right now.,
roseintro6,这次你不能用超能力。必须由你先翻牌。,"But I was doing it with Aoi. Alright, if I beat you Janken only then I will have sex with you.",
roseintro7,那太不公平了！除非你答应带我去星梅轩吃一个星期的饭。,Coward! Always hide behind a stupid game show. I will try my best to win.,
rosegamewon,嘿嘿……我赢了！没有靠超能力哦。别担心太一，明天我们会玩得很开心的。,I won! Without even rely on my powers. You are all mine tomorrow.,
rosegamewoncheat,你连作弊都输了。看来就算对我不利，我也能赢你。,Wow! You tried everything and yet lost. Looks like there's no escape from me. I will see you tomorrow.,
rosegamelost,哼！你早就知道我会输。我就不该跟你玩这破游戏，直接让你上就好了。,You won only because you didn't let me use my powers. This will not be only time you fuck me.,
rosegamelostcheat,太赖了！你不让我用超能力，自己还作弊。骗子！骗子！骗子！,The fuck! You cheated to avoid fucking me all day tomorrow. Well I will think about something soon.,
rosevictory11,@1-嗯……！太一，明天你想怎么操我都行，但现在……让我睡觉。,@1-Come on fuck harder! Think like you are actually fucking Aoi.,
rosevictory12,[PLAYER]来吧薫！我堂堂正正赢了你。让我用我这根犒劳你柔软的屁股。,[PLAYER]I'm trying my best but I can't imagine doing it with her if it's not her.,
rosevictory13,@1-好吧，但你轻一点的话我就继续睡了。[END],@1-Shame! I'm really jealous of that bitch.[END],
rosevictory21,@3-太一，来操我吧！她叫得那么大声，邻居都要被吵醒了。,@3-Don't worry Masuo. I can understand. These sluts can't let me have a happy life with my love.,
rosevictory22,[PLAYER]我们唯一的邻居是韦恩太太。她不会介意她女儿找点乐子的。,"[PLAYER]Yeah, I'm only doing this because it's my job. Ryoko will fired me if I don't fuck the losers.",
rosevictory23,@3-随你便！等邻居投诉我们噪音的时候，别来求我帮你摆平。[END],@3-Why don't you leave working for Ryoko then? It's not like it's the only job you can do.[END],
rosevictory31,[PLAYER]嘿薫，姐姐说你们以前在山奈市就见过面。,[PLAYER]I don't know why sis wants me to marry you. I love Aoi. I must make her understand it.,
rosevictory32,@1-对，我在找我姐姐的时候遇见了她。我在那儿的时候她一直照顾我。,@1-Well I look like Himawari. That makes me 3rd most beautiful girl in the country.,
rosevictory33,@1-她让我到向日葵市找你，说你能帮我找到爱丽丝。嗯……,@1-She know keeping you from having a girlfriend will make you fall for slut like her friend Tomo.,
rosevictory34,@1-我还答应她，一旦找到姐姐，我就嫁给你，作为她帮我的回报。,@1-So out of fear she asked me to wed you.,
rosevictory35,[PLAYER]哦，所以每次我跟她说和你在一起，她那么高兴。她是真的想让我们结婚啊。哈哈……,"[PLAYER]Does she think I'm a fool. I know Tomo is just for fucking, not for marriage.",
rosevictory36,@3-嗯，你妈想让我当你老婆。可惜这事成不了。[END],@3-Well your cock can make you take foolish decisions in life so... she is not wrong to worry.[END],
rosevictory41,[PLAYER]嘿嘿……我很高兴是可爱的妹妹能随时和我做。,[PLAYER]Well at least I got the busty sister with huge melons and no shitty attitude.,
rosevictory42,@1-嘿，我姐姐也很可爱啊。你只是还没看到她那一面。,@1-My sis doesn't act shitty when she is alone with her boyfriend. She is more pervy compare to me.,
rosevictory43,[PLAYER]也许吧……我和她不太熟，因为我的好友拓一点都不喜欢她。,[PLAYER]Still don't care! I would still like to stay friends with Tatsuka you know.,
rosevictory44,@1-她长得跟我一样却不讨厌我，真让我意外。[END],@3-About that... You have no problem sleeping with her. But other girls are too much for you. [END],
rosevictory51,@1-啊！太一，你还没完吗？我都困了。,"@1-Hey, I can feel your cock twitching. Are you about to cum? Don't you dare cum this early!",
rosevictory52,[PLAYER]再等一下薫。我快射了。[END],[PLAYER]I was plowing Aoi for past hour. Now I'm about to bust a huge load inside you.,
aoiintro1,什么……！葵你为什么穿我的T恤？好吧，我再去找一件——,Hey... looking hot! Got time for sex?,
aoiintro2,我把你的T恤都洗了。这是最后一件了。你想要的话……,Umm... well I still got 15 minutes before going to work. We can begin having sex.,
aoiintro3,你得跟我一起拍那个破节目的新一集。,If you are not finished you can always come to my shop and from behind while I work.,
aoiintro4,我没时间搞那个葵。我得去看看凉子为什么叫我去她办公室。,Right... Will your boss be there?,
aoiintro5,你最好答应。快点，你不想让她等太久吧。,She will be coming late today. Why did you ask? Do you want to buy something you can tell me.,
aoiintro6,行！别故意输好吗。我不能一直待在这操你。,well she... extorts sex from me in exchange for getting you a raise.,
aoiintro7,你想得美！我干嘛要故意输？真想要的话我有男朋友的，你知道吧。,That slut! No wonder she was asking me to get you to work in her shop.,
aoiintro8,我只是可怜你才让你跟我做的。快点！开始吧！,"I will message her to see if she coming to work. In the meantime, let's play a game.",
aoigamewon,你是故意输的吧？好吧！我要和我男朋友在店里大战一场了。,That slut will be at work. You stay here. I don't want her flithy mouth wrapped around your cock.,
aoigamewoncheat,你作弊还输了。你真的对我一点兴趣都没有？你的T恤还你，我不稀罕。,She will be at work. You don't come. I know she will find a way to be alone with you.,
aoigamelost,我懂了！你为了能和我做才那么拼命的。好吧，我告诉我男朋友今天没空。,My boss will not be there. We can fuck in the store. Let's go!,
aoigamelostcheat,你为了操我不惜作弊。我男朋友知道了会吃醋的。,Why the fuck do you have to cheat? Anyways my boss is not in the store. We can fuck there.,
aoivictory11,[PLAYER]葵，你操我的时候不用一直盯着我看吧。,"[PLAYER]Aoi, I know you are enjoying it but you should attend that customer in front of you.",
aoivictory12,@3-闭嘴！别指挥我！我就想在你操我的时候看着你的眼睛。,@3-Oh right... I was so busy enjoying it I didn't notice her. You are fucking me so good today.,
aoivictory13,[PLAYER]你看……有人在等着买东西呢。,[PLAYER]We got out before Mrs. Yamada could stop us. I will just pull out for a moment.,
aoivictory14,@8-哦不，不用在意我！我只是在看她被操的样子。嗯……她技术不错！[END],"@8-Oh no, there's no need to stop because of me. I'm actually observing to you.[END]",
aoivictory21,[PLAYER]该死！葵你里面好紧！我太享受蹂躏你那甜美的屁股了。,[PLAYER]Shit! I love fucking Aoi. If it’s the only the I have to do I could do it for the rest of my life.,
aoivictory22,@3-哈……我跟我男朋友已经一周没做了。你能操到我算你走运。,"@3-Hehe... I know you would but, we have to work begin a family you know.",
aoivictory23,[PLAYER]我怎么从来没见过你男朋友？每次我进门他刚好就走了。,[PLAYER]Yeah! That's why I do whatever job Ryoko tells me.,
aoivictory24,@3-我知道你什么时候回家，先生。我把他支开，好跟你做一次。[END],@3-You don't have listen to everything she says. I don't like the work she gives you.[END],
aoivictory31,[PLAYER]我觉得操够了。我能回家了吗？,"[PLAYER]Huh, it's Mrs. Yamada! She asking why I left without fucking her.",
aoivictory32,@3-不行！你一次都没射。再操我一会儿。我快下班了。,@3-That old hag! Can't she go on without sex for a single day?,
aoivictory33,@3-我们一起回家，然后在床上继续。[END],@3-Always bothering my love to fuck her.[END],
aoivictory41,@3-你和我妈到底在研究什么，需要那么隐私？她从不让我跟你一起学习。,@3-I saw you and mom coming out of the hotel a few weeks ago. What were you two doing there?,
aoivictory42,[PLAYER]你真想知道？我们在做爱。假装学习等人走了就开始。,[PLAYER]We... were having sex. I find your mother attractive and when I see her ass I can't control myself.,
aoivictory43,@3-哈……哈……太一你太搞笑了！妈才不会那样。不想说就算了。[END],"@3-Well mom did say she would see how good my boyfriend fucks.  Glad, you two are already on it.[END]",
aoivictory51,@3-你知道……你应该辞掉你在淫乐世界的那份破工作，来这儿帮我。,@3-How's work at Erotic World? You must be getting at least one request for sex every day right?,
aoivictory52,@3-我需要个小帮手。店里没人的时候我们可以像这样做。,"@3-Well, even if you accept them don't forget that you got a horny girlfriend at home.",
aoivictory53,[PLAYER]嗯，你老板比布列塔尼漂亮多了，我可以考虑一下哈哈……[END],[PLAYER]I know that! That's why I only fuck girls that make my cock hard just by looking at them.,
shizukatintro1,嗯？静香女士，你怎么在这儿？,"Huh, aunt Shizuka what are you doing here?",
shizukatintro2,你觉得我来健身房还能干嘛？我也是这个健身房的会员。所以……这是你的时间段？,What do you think? I came here to work out. These abs don't grow by themselves you know.,
shizukatintro3,是啊……很高兴你在这儿。一直有人让我跟你再拍一集节目。,I know a little exercise to build muscles quickly. I can teach you if you want.,
shizukatintro4,你愿意玩吗？,Best part is you don't have to do anything yourself if we do it in a certain position.,
shizukatintro5,嗯……我还有时间，不过下班前可以……但你得先答应——,Yeah right... why don't you say that you want to have sex with me.,
shizukatintro6,拿出你的全力来赢。好了，开始吧！,Well I will only if you beat me at Janken.,
shizukagamewon1,啊呀！你输了……下次运气好点吧嘿嘿……,Aww! You lost... Better luck next time hehe...,
shizukagamewon2,别难过！我们还能找点乐子。跟我来！,Oh… don’t be sad! You long face makes me feel bad. Okay you can fuck my pussy.,
shizukagamewoncheat,想用小把戏打败猜拳女王？记住这一点。,You can't beat Janken Queen with cheap tricks. Remember that.,
shizukagamelost,啊……我输了。我得去值班了。嗯……我们在警察局里做吧。,You beat me fair and square. As Aoi's aunt it's my duty train her boyfriend to fuck her well.,
shizukagamelostcheat,你作弊可是要坐牢的。想逃过一劫就好好操我，嘿嘿……,How the fuck did you know what I was gonna pick? It felt like you cheated to fuck me.,
shizukavictory11,[PLAYER]冒充警察啊。幸好我知道怎么对付你这种冒牌货。,[PLAYER]You are best cop this city has to offer thanks to my special traning.,
shizukavictory12,@4-是的，长官。请用你的正义之锤惩罚我的脏屁股。,@4-Stop bullshitting! You know this training does jack shit to make me strong.,
shizukavictory13,[PLAYER]不用你教我怎么做事。现在我要操得更狠了。[END],[PLAYER]Well it does for me. I always inside a girl when I'm working out.[END],
shizukavictory21,[PLAYER]我不明白静香阿姨。你怎么从来没实现过被罪犯强上的幻想？,"[PLAYER]Aunt Suzy, thanks for keeping me becoming a criminal.",
shizukavictory22,@4-你还想怎样？全城最优秀的警官就在这……,@4-Huh? Now how did I do that?,
shizukavictory23,@4-没人能耍得了我。不过……有时候我想体验一下弱小的感觉。那就是你登场的时候。,[PLAYER]You offered your ass to me so I stayed calm and not beat that crap out of that man.,
shizukavictory24,[PLAYER]嘿嘿……难怪这个城市是全国最安全的之一。[END],@4-Oh... I was there to get you off of your addiction with my sister-in-law but okay.[END],
shizukavictory31,@4-我应该把你关起来的，因为你上了我弟媳，结果我反而在这跟你做。,@4-Why are you still banging my sister-in-law? You said you will stop after you fucked me.,
shizukavictory32,[PLAYER]我的鸡巴很特别的……一旦进去过就回不了头了。,[PLAYER]Have you seen how she dresses. Her expose bosoms tells everyone that she is ready for sex.,
shizukavictory33,@4-是啊我知道！所以这么多年了，纯纱才终于决定到处找人做了。[END],"@4-Yeah, you are right. She is asking to be fucked exposing her bosoms like that.[END]",
shizukavictory41,[PLAYER]静香阿姨……好久没见琼女士和哈珀女士了。她们在干嘛？,[PLAYER]Hey aunty where are your friends? I missed the time I used to fuck all three of you together.,
shizukavictory42,@4-琼在执行秘密任务。哈珀最近也有点忙。,@4-We got important things to do other than just getting fucked by a boy.,
shizukavictory43,@4-你想见她的话，可以一边操我一边等。,@4-Jun is out on a secret mission. Hanako is pissed that you fucked up her plan to catch...,
shizukavictory44,[PLAYER]呃，你不担心被人撞见吗？,@4-Your uncle. Her didn't get the promotion she wanted for that case.,
shizukavictory45,@4-全警局都知道了。没什么好藏的。别停就行。[END],"[PLAYER]You do know his secret deal was a dozen Himawari's burger for him and his friends, right?",
shizukavictory51,@4-千秋想敲诈我给她买东西。她以为我跟她妈一样好欺负。,"@4-You fucked me, Junsa, Aoi, Kagome and Misa. All the chicks in my family but Chiaki. Why's that?",
shizukavictory52,[PLAYER]是啊，纯纱太太在那小鬼在的时候不让我碰。我不知道她怎么……,[PLAYER]I did. She just wanna keep it a secret. She thinks Aoi will get mad her for this.,
shizukavictory53,[PLAYER]但她总是知道我在跟谁做。就像她是什么特工似的。,[PLAYER]I only fuck her so I can use her room to bang Junsa whenever I want.,
shizukavictory54,@4-她毕竟是我侄女嘛嘿嘿……[END],"@4-Yeah, my brother doesn't check on her much. He is more interested in Ryoko.[END]",
shizukavictorypus11,[PLAYER]嘿阿姨，稳住。做完你还要去上班呢。,"[PLAYER]Hey auntie, don't you think we will get in trouble for doing it while you are one work?",
shizukavictorypus12,@4-我知道……但我忍不住了。太舒服了。你顶得好深。,@4-Don't worry! All of my coworkers are chill about it. You can fuck me without any worries.,
shizukavictorypus13,[PLAYER]像你这种淫荡警察没救了。只能好好操了。[END],[PLAYER]Well in that case... I'm gonna destroy your pussy today.[END],
shizukavictorypus21,[PLAYER]振作点静香阿姨。连纯纱太太都不会这么淫荡。而且我跟她做的次数比你多多了。,[PLAYER]Even Junsa doesn't make face like this when I fuck her and I do it with complete passion with her.,
shizukavictorypus22,@4-纯纱跟你像兔子一样天天做。难怪她已经习惯了这种快感。[END],@4-Stop lying! I have seen her face when you two bang in the storage room.[END],
shizukavictorypus31,[PLAYER]我要一直射在里面，直到你怀上我的孩子。,"[PLAYER]I've three bastards so far. With Kurumi, Junsa and Real Tall Lady. Would you like to be number 4?",
shizukavictorypus32,@4-好，请让我怀一个。就像纯纱那样！,@4-What? That baby is yours! That lying bitch! I wonder if Aoi and Chiaki are really my brother's.,
shizukavictorypus33,[PLAYER]什么……你怎么知道的？我让纯纱太太保密的。,[PLAYER]They are his children alright... Only the new one is mine. Ryoko is really happy with me.,
shizukavictorypus34,@4-是凉子告诉我的。我让你们在市里录节目，她就给我透露这些八卦。,[PLAYER]She said when the moment is right she will tell him about it to deal the maximum damage.,
shizukavictorypus35,@4-别担心……你的秘密在我这儿安全得很。只要你每周让我这么爽一次就行。[END],@4-Wait! She hates my brother? Why? He is so nice to her. Does't even ask her for rent.[END],
shizukavictorypus41,[PLAYER]嘿，这周日有空吗？我们去玩彩弹枪吧？怎么样？,[PLAYER]Are you free this Sunday? I'm banging 10 older ladies at Butt Naked Hotel.,
shizukavictorypus42,@4-可以，但你得保证别像上次那样作弊。你知道身上沾了什么颜色就算……,[PLAYER]It would be great if you could come then I don't have to ask Mrs. Yamada to be there.,
shizukavictorypus43,@4-命中。他们看到我屁股上沾了精液又会取消我资格的。,@4-Lucky for you it's my day off that day. Is Junsa coming too?,
shizukavictorypus44,[PLAYER]那不算作弊。游戏规则只说躲藏时也算，所以我在你身上涂精液是公平的。[END],[PLAYER]Well yes! She was part of every sex event I’ve done in the past.[END],
shizukavictorypus51,@9-晚上好前辈！抱歉我迟到了——我操！你们干嘛在这里做？,"@9-Sorry, I'm late. I was.. What the fuck! Ms. Sakurai you said Masuo went back to Yamanamashi.",
shizukavictorypus52,@4-放松……又没什么紧急任务。,"@4-Yeah, he did... For a couple of days hehe... You can wait in line if you want your turn.",
shizukavictorypus53,@9-但我们两个马上要巡逻了。,@9-I want my turn now. I haven't had sex with him since last year. Get off of her Masuo and fuck me.,
shizukavictorypus54,@4-我还剩30分钟……够太一再给我来一发热腾腾的内射了。[END],"@4-I'm still your senior. What I say, goes. He will fuck you when I'm done with him.[END]",
jukointro1,哦，珠子阿姨！没想到在这儿碰到你。拓呢？,"Yo! Aunt Juko, what are you doing here? I was just thinking of drinking buttload of milk today.",
jukointro2,我哥哥在和他妻子单独待一会儿，所以我在这照顾拓。,My brother is spending a little time with her wife so I'm here looking after Tatsuka.,
jukointro3,哈哈……你穿这条裤子屁股看起来真可爱。想玩个小游戏吗？,Shit! Your ass is looking great in those tight pants. I wanna fuck it right now.,
jukointro4,像上次那样？我不太喜欢肛交，不过……,What! You know I don't like taking it in the ass. I'll agree if you beat me in janken like last time.,
jukointro5,这几个月我们做的次数少太多了……所以，我什么都愿意。开始吧！,We need to hurry as Tatsuka will be coming home any minute.,
jukogamewon,哦……太一君，我尽力了……拓马上就回来了。你可以在她房间里等她。,Thank goodness! My ass is saved. Well you can always ask Tatsuka for it.,
jukogamewoncheat,我理解。我老了。不像年轻人那么有意思了。再见！,You cheater! No wonder Tatsuka likes you so much. You two are the same.,
jukogamelost,哦，你赢了！我希望你能考虑用前面而不是后面。,Ow… It’s gonna sting for days after this. Okay… we will do it till Tatsuka shows up.,
jukogamelostcheat,那不太公平……但说明你对我还有兴趣。好吧，就在这儿做吧。,How low you have to get to fuck my ass? Okay.. we will do it till Tatsuka returns.,
jukovictory11,@5-（大声呻吟……）啊！拓怎么能用这么大的东西插屁股还那么开心？,@5-(Loud moans...)Why do you like to do it so much? Don't you feel good doing it in the pussy?,
jukovictory12,[PLAYER]她是为了我们的友谊才忍受的。来吧……你可是经验丰富的女人。,[PLAYER]With girls my age yes. With older woman like you I prefer ass as it's more tight.,
jukovictory13,[PLAYER]对你来说应该轻而易举。,[PLAYER]Only exception is Junsa. She is tight every time I fuck her.,
jukovictory14,@5-你说得倒轻松！被撕开的可是我的屁股。[END],@5-My pussy was tight for you until you opened it up with constant sex.[END],
jukovictory21,[PLAYER]珠子阿姨，你的胸是我见过最大的。有时候我怀疑是不是假的。,"[PLAYER]You know with height to boobs ratio, yours are the biggest one in the world.",
jukovictory22,@5-是真的！我高中就这么大了。[END],@5-I know… They began to grow since high school. Now I can’t see anything below me.[END],
jukovictory31,[PLAYER]我经常操菲莉西亚和拓的屁股。她们都不会像灵魂出窍一样叫。,"[PLAYER]When I fucked Tatsuka for the first time, she didn't bitch like her soul is leaving her body.",
jukovictory32,@5-那你就去找她们做肛交。我更希望你用前面。,@5-Because she and my daughter play a game where they see who can fit a bigger dildo inside them.,
jukovictory33,[PLAYER]是啊，但跟你做的感觉更好，毕竟我们不常做嘛嘿嘿……[END],"[PLAYER]Oh, and I was thinking she was letting the whole team rail her.[END]",
jukovictory41,[PLAYER]我知道你以前在平冢病院工作过。那地方的名声……,[PLAYER]You worked at Hirakawa asylume right? All the woman who worked there have become...,
jukovictory42,[PLAYER]你应该是个群P荡妇。,[PLAYER]Sluts. How come you haven't turn into one?,
jukovictory43,@5-嗯，我以前对那些年轻医生挺感兴趣的，但他们被我朋友吓到了。,@5-I wanted to become one but that bitch Mrs. Kobayashi would scare off all the doctors.,
jukovictory44,@5-没人敢靠近我，因为怕克莱默太太。后来我就无聊了……,@5-She would threatened to chop off anyones cock who dares to sleep with me.,
jukovictory45,@5-发誓不再到处找人做，直到遇见了你。现在除了我老公，我就只跟你做。[END],@5-After that I quit looking for a young cock to fuck me until I met you.[END],
jukovictory51,@5-我觉得够了。你能用前面吗？,@5-I think that's enough. You will break my ass if you continue any longer.,
jukovictory52,@5-嘿！我知道你在听。别装没听见。来嘛，我也想舒服一下！[END],[PLAYER]You are having sex with a professional. I know how much your ass can handle it.[END],
momokointro1,嘿太一，看我买了什么。我们今晚要直播对吧？,There you are. I haven't made any food yet. You just eat and leave without fucking me.,
momokointro2,我听几个客人说这游戏现在很火。,Well it's not gonna happen tonight. You will get to eat only if you fuck me.,
momokointro3,今晚直播的话能赚不少钱。我穿得像榨乳妈咪一样。我们——,Look! I'm even dressed like a slut to get you horny. Are you feeling aroused now?,
momokointro4,抱歉，今晚不直播了。凉子说今晚要拍新一集节目。,Look! I'm even dressed like a slut to get you horny. Are you feeling aroused yet?,
momokointro5,我知道了……要不你来当今晚的嘉宾？观众会喜欢的。,What's the point of it? All the energy I could get from the food is wasted on fucking you.,
momokointro6,哦……既然凉子说了，那我们就先拍完再说吧。开始吧！,But I also applied a potion that will make my ass tight. Come on... you will have fun tonight.,
momokogameplay,太一我会输的……我们赶紧拍完这集好回去玩游戏吧。,You will fuck me in exchange for this game? Alright... it's yours!,
momokogamewon,干嘛苦着脸太一君？妈妈玩游戏的时候你也可以操我啊。,Now... let's  go back at my place. I'm gonna milk you dry.,
momokogamewoncheat,你作弊都输了，我好失望。回家玩游戏去吧。,Even after cheating you lost. Well I'm gonna make you fuck me harder now.,
momokogamelost,嗯……我以为我会赢的，这样就能回去干自己的事了。跟我去小巷吧。,Well at least fuck me once if you are gonna get free food from me.,
momokogamelostcheat,妈妈对你得作弊才能赢很失望。跟我去小巷吧。,How pathetic! You have to cheat for food. Well at least fuck me once to say thanks.,
momokovictory11,@6-太一君，我们在巷子里做不行吗？有那个人在我没法专心玩游戏。,"@6-With how much efforts you are putting in tonight, I could tell you are enjoying it.",
momokovictory12,[PLAYER]不行，你答应让我操的时候我一刻都不能等。快点，按开始。,[PLAYER]Yeah! It's actually having fun ramming into your tight ass. If only you do this all the time.,
momokovictory13,@6-如果我玩得太烂，那个人会发现不是我在玩游戏。等他走了我再玩。[END],@6-That lotion is not cheap you know. Guess I will have to work overtime to buy it every day.[END],
momokovictory21,@8-你是榨乳妈咪对吧？你遮着脸我也认得出你的声音。,@8-Hey aren't you that slut who got fucked by all of your husband's friend in BN Hotel.,
momokovictory22,@8-我是你最大的粉丝。我能……等这小子完事了操你吗？,@8-Yup! You are. I still remember your face well. So... you need another cock in your pussy?,
momokovictory23,@6-先生，你认错人了。我不是你说的那位女士。,@6-I'm fine thank you! I only prefer fat cocks now. Like this boy here.,
momokovictory24,[PLAYER]没错，她就是榨乳妈咪。只有我能操她，你最好替她保密。,[PLAYER]You act like an innocent lady in front of every one. But in reality you are the biggest slut.,
momokovictory25,@8-太遗憾了！我真的很想操她。至少能合张影吗？,"@8-Yeah, I've been part of many orgies. She was the only one who took on 30 men and wanted more.",
momokovictory26,[PLAYER]好吧！但记得把她的脸打码。不想暴露她的身份。[END],[PLAYER]That explains why only her blowjob feels great. She is quite experienced in that regard.[END],
momokovictory31,[PLAYER]该死！谢谢你为我一直保持屁股这么紧，韦恩太太。我永远操不够。,[PLAYER]Haha... my cock don't wanna cum just yet. It's enjoying your ass a lot.,
momokovictory32,@6-太一君！你怎么在外人面前叫我名字？他知道我真名了。,@6-Really! Then those 500 coins worth it. It's the first time you have complimented me.,
momokovictory33,[PLAYER]放心！他忙着录你被操的视频呢。估计什么都没听到。[END],[PLAYER]Now I understand why you were topping must have sex list in that shop.[END],
momokovictory41,@6-呃，那是……太一君快！去巷子里！是奥利维亚！她在看我们。,@6-Oh no! It's my daughter. I can't let her see me like this. Let's hide in that alley.,
momokovictory42,@6-她已经觉得我是个随便让男人操的荡妇了，现在……,[PLAYER]I don't wanna right now. Your ass rarely feels this good. I don't feel like stopping now.,
momokovictory43,@6-她看到我和她学长做爱了。我真是个坏妈妈。,@6-You don't wanna pull out? You would be happy if I told you to do that any other day.,
momokovictory44,[PLAYER]不，你不是！要不是我这么喜欢操你，你对我就是个好妈妈。,[PLAYER]Shut up! You know she asks me for fuck you. She thinks you are a sex maniac.,
momokovictory45,[PLAYER]而且……她也不那么看你的。,[PLAYER]She even let me fuck her if I tell her I plowed you the day before.,
momokovictory46,@6-呃……你怎么这么想？我以为她讨厌你呢。,@6-What! You are already fucking her. Well I know she will let me have sex with her husband.,
momokovictory47,[PLAYER]她现在不讨厌我了，放心吧。她不觉得你是个变态。[END],[PLAYER]I'm not marrying her. I only do it with her for fun.[END],
momokovictory51,[PLAYER]谢谢你穿了一天这身衣服……不过你为什么没买那个蛋糕？,[PLAYER]If only you were in your bigger form. I would have enjoyed it 10 times more.,
momokovictory52,[PLAYER]要是你能变大就好了。我会爽十倍。,@6-What! I thought you mistake me as someone else when I'm like that.,
momokovictory53,@6-今天是周四太一君！莉莉的店这天不开。而且这些衣服我变大了就穿不下了……,[PLAYER]Do you think I'm a fool. Only your body changes but your face remains the same.,
momokovictory54,@6-我会变大的。而且我们不是说好了明天去看我姐姐吗？[END],[PLAYER]I love to fuck chicks with huge ass you know. That's why I love Reiko and Aoi.[END],
hitomivictory11,[PLAYER]这是节目里我最喜欢的环节。把鸡巴狠狠操进你紧致的屁股里。,"[PLAYER]Wow, you were not kidding when you said I would love it. This stuff is amazing!",
hitomivictory12,@6-我很高兴你享受……但你快点完事我们就能回去打游戏了。,@6-I'm glad you are enjoying it. I spent 500 coins on that lotion you know.,
hitomivictory13,[PLAYER]对我来说没区别。直播的时候一样在做。[END],[PLAYER]Well if you asked me you could have got it for 100. I fuck her so she gives me a heavy discount.[END],
hitomivictory21,[PLAYER]你的屁股我已经操过一千多次了，但永远不腻。,"[PLAYER]Fuck it! I can't act like I don't love fucking you. For this once, let's just drop the act.",
hitomivictory22,@6-什么！光肛交就一千次了？我得少跟你做了。,@6-Hmm... I was tired of acting like a slut for other language setting.,
hitomivictory23,[PLAYER]啊……别这样韦恩太太。你知道我多喜欢操你。,[PLAYER]Well you can still act like one for me though. I really enjoy it.,
hitomivictory24,[PLAYER]不把蛋蛋清空在你里面，我就觉得一天没完。[END],"@6-Masuo, you know I don't see you that way. I only do it because Ryoko pays me well for it.[END]",
hitomivictory31,[PLAYER]你手里这个游戏是什么类型的？,[PLAYER]You know I can make Aya my real daughter if I make a choice in Magic Ring where you...,
hitomivictory32,@6-说实话我自己也不知道。听几个客人说这名字就买了。,[PLAYER]Beat the crap out of your husband to defend me. Lord Arch no longer has any influence on you...,
hitomivictory33,@6-听他们说现在很火。直播的话能赚很多钱。[END],[PLAYER]And you could truly become my wife.[END],
hitomivictory41,[PLAYER]你戴上这些环真贴心。玩你胸的时候爽多了。,[PLAYER]Hitomi why do playing with your breasts feels this good?,
hitomivictory42,@6-啊……太一君别那么拉。没穿孔只是夹住乳头。,@6-Well I'm cursed by Lady Merusa to become most sexually desirable woman in the world.,
hitomivictory43,[PLAYER]别担心！我会小心玩的。[END],@6-She did it to punish her brother Arch for betraying her.[END],
hitomivictory51,[PLAYER]看来我还要一会儿才射。要不像往常一样回家做？,[PLAYER]I've already came in twice inside you and still can't stop hehe...,
hitomivictory52,@6-什么！我工作一天很累了。改天吧，好吗？,@6-Please that's enough. Can't we do something that a mother and son could do together.,
hitomivictory53,[PLAYER]来嘛！我现在就想骑你。求你了……韦恩太太。就这一次？,"[PLAYER]Right now, you are my bitch. I can fuck you as much as I want.",
hitomivictory54,@6-（叹气……）我永远无法拒绝你。好吧……让我缓一下。[END],@6-No point talking to you when you are thinking with your cock.[END],
